title,maker,crimeCategory,primaryMaterial,numMaterials,period,size,units
Shakti II,Benjamin Creme,print,lithograph,1,21st century,609.0,Square inches
Seated Woman,Raphael Soyer,drawing-watercolour,other,2,Other,616.0,Square inches
Magda and Raymond,Walter Pach,paintings,oil,2,20th century,480.0,Square inches
Jan,Edna Hibel,print,lithograph,1,20th century,,
Tiger painting,Michael Ward,paintings,watercolor,1,20th century,2640.0,Square inches
Pieta,Lucien Smith,paintings,oil,2,20th century,52.0,Square inches
Beaded Blanket Strip,Ute | Sioux,textiles,other,3,19th century,350.0,Square inches
December in Venice,Charles Polowetski,paintings,oil,2,20th century,720.0,Square inches
Faun,Georg John Lober,sculpture,bronze,1,Other,14.0,Inches
Portrait of a Venetian Senator,Jacopo Tintoretto,paintings,oil,2,15th century,682.579,Square inches
Bacchante,Erte,print,serigraph,1,20th century,,
Dark Stream,Stanley William Hayter,paintings,acrylic,2,20th century,1521.0,Square inches
Femme Nue Debout,Alberto Giacometti,sculpture,bronze,1,20th century,21.0,Inches
Alchime Des Philosophies (Alchemy of the Philosophers) Horse,Salvador Dali,print,lithograph,1,Other,660.0,Square inches
Travelers of the Returning Trip,Luis Magin,paintings,oil,5,20th century,576.0,Square inches
Southern Yi Girl,,paintings,oil,2,Other,108.0,Square inches
Antique German Silver Clock,Pfaff; Germany,clock-timepiece,silver,2,17th century,36.0,Square inches
Basket of Fruit,Minas Avetisyan,paintings,oil,2,19th century,396.0,Square inches
"Red Tortoise Shell Clock, Ralph Gout",Ralph Gout,clock-timepiece,other,3,18th century,13.0,Inches
Ceramic pot,Dusty Naranjo,other,ceramic,1,Other,62.832,Cubic inches
Imperial Crown of the Virgin of the Rosary,Spanish Colonial,other,silver,1,20th century,8.661,Inches
"River Scene, Dutch",Dutch,paintings,oil,2,18th century,384.0,Square inches
Paris - Chez George,Arbit Blatas,paintings,oil,2,20th century,,
20 Dibujos #2,Jose Clemente Orozco,other,lithograph,1,20th century,337.125,Square inches
Sacred Fire Suite II,Michael Parkes,print,lithograph,1,Other,,
Art Nouveau Tri-Corner Vase,Majorelle,vase,,0,Other,18.0,Inches
Beach Scene with People in Petticoats,Unknown,paintings,,0,Other,,
Rabbit Crouched,Antoine Louis Barye,sculpture,bronze,3,Other,4.469,Square inches
Faberge Art nouveau flower holder,Michael Evlampievich Perchin; Faberge,other-arts-and-antiques,,0,Other,,
Clay Kneeling Statue with Deer on Lap,Egypt,sculpture,,0,Other,58.337,Cubic inches
"Certificate of payment issued by the Administration of Excises of Lima for the freedom of a slave, year 1780",,books,paper,1,18th century,,
Road Map of the Trujillo Post Office (1829),Unknown,books,paper,1,19th century,,
Road map of the Arequipa Post Office (1847),Unknown,books,paper,1,19th century,,
"Gold referral record to the Assayer Mayor of Lima, year 1828",Unknown,books,paper,1,19th century,,
"Guide letter from the Lima Post Office, 1811",Unknown,books,paper,1,19th century,,
Route map of the Lima Post Office,Unknown,books,paper,1,19th century,,
Historical piece of correspondence for payment charged to the branch post office of the Lima Administration Office in 1853,Unknown,books,paper,1,19th century,,
Strawberry Collector,Michael Parkes,print,lithograph,1,Other,,
Le Matador,Joan Miro,print,,0,Other,2806.0,Square inches
"Maquette, Fed CH Diptych #2, Byron White CH, Denver, CO",Daniel Sprick,paintings,,0,20th century,,
Rome,Karl Struss,photograph,,0,20th century,20.0,Square inches
USS Arleigh Burke,,paintings,oil,2,20th century,1680.0,Square inches
Horse and Rider Jumping a Fence,,sculpture,bronze,1,Other,293.945,Cubic inches
Golden Calf,Salvador Dali,print,,0,Other,,
Atlas minor sive geographia,Nicolaus Vischer,books,,0,16th century,,
The Four Seasons,Unknown,other-collectibles,,0,Other,6.0,Inches
"Untitled Philip Paval Abstract Painting, ID 014415",Philip Paval,paintings,oil,2,19th century,720.0,Square inches
Walking Grizzly,Ace Powell,sculpture,bronze,1,Other,1612.5,Cubic inches
Diamond Dust,Andy Warhol,print,silk,1,Other,,
Italian Lady,Max Moran,paintings,oil,2,19th century,480.0,Square inches
Four Seasons of the Deer Year: Autumn,Conrad Buff,paintings,oil,2,19th century,2812.0,Square inches
Simplicities defense against seven-headed policy,Samuel Gorton,books,paper,1,17th century,7.283,Inches
Persian 19th Century Painting on Skin,Iran,paintings,other,1,19th century,80.0,Square inches
Angel,Erte,sculpture,bronze,1,Other,12.0,Inches
Northern Yi Girl,,paintings,oil,2,Other,108.0,Square inches
Peasants,Amante,print,lithograph,1,Other,211.312,Square inches
The Foundry,Arbit Blatas,paintings,oil,2,20th century,1234.646,Square inches
The Ancient Time,Keliang Chen; China,other-arts-and-antiques,ink,2,20th century,,
Handled Wine Cooler,Tiffany and Company Jewelers,other,silver,2,20th century,104.5,Square inches
Fisherman's Daughter,,paintings,oil,2,Other,,
Friends #18,Peter Max,paintings,acrylic,2,21st century,503.5,Square inches
Gold Cuff Links with Blue Chalcedony,Zadora Limited,jewelry,gold,2,20th century,,
The Sacred Family,Unknown,paintings,oil,2,18th century,46181.102,Cubic inches
"Horse, Jockey and Trainer",Sartorius,paintings,oil,2,19th century,90.0,Square inches
The Lost Student,Max Ernst,paintings,oil,2,20th century,366.562,Square inches
"Female Model Seated in Wicker Chair, Legs Crossed",Philip Pearlstein,drawing-watercolour,other,1,20th century,680.625,Square inches
La Plaine de Gennevillers,Claude Monet,paintings,oil,2,19th century,471.0,Square inches
Moche Face Jug,Moche,vase,ceramic,2,Other,584.114,Cubic inches
Plaza Church by Moonlight,Ralph Mocine,paintings,oil,2,19th century,480.0,Square inches
Seaform/Basket Drawing,Dale Chihuly,drawing-watercolour,,0,Other,660.0,Square inches
Eye XIX,Rachel Burch Williams,paintings,oil,2,21st century,10403.84,
Saint Anthony Miracles,Unknown,paintings,oil,2,18th century,271.654,Square inches
Green,Richard Diebenkorn,print,,0,20th century,2166.75,Square inches
Raku,Japan,ornamental-ceramic-wares,ceramic,1,Other,5.0,Inches
Turkish Red Marble Sculpture,Henry Klar; Gloria Klar,sculpture,marble,1,20th century,1500.0,Square inches
Three Women on a Beach,Emanuel Phillips Fox,paintings,oil,2,19th century,338.327,Square inches
"Site Plan for Palazzo dei Congressi, Venice, Italy (Arsenale Site)",Louis I. Kahn,drawing-watercolour,pencil,2,19th century,2398.5,Square inches
Invocation,Benjamin Creme,print,lithograph,1,21st century,541.5,Square inches
Circus Group,Alexander Calder,paintings,gouache,1,20th century,3139.311,Square inches
Madonna with Child and St. John,Italy,paintings,oil,2,16th century,720.0,Square inches
American State Papers v. 27,United States Congress,books,paper,1,18th century,,
Rural Area with Cemetery,Paul Fontaine,paintings,watercolor,1,20th century,263.344,Square inches
Mask No. 1,Hideo Hagiwara; Japan,print,ink,2,20th century,864.0,Square inches
Biomorph,Jimmy Ernst,paintings,oil,2,20th century,120.0,Square inches
The Ring Magazine Award World Middleweight Championship Boxing Belt Trophy 1948,,other,gold,3,20th century,207.0,Square inches
Alchime Des Philosophies (Alchemy of the Philosophers) Figures,Salvador Dali,print,lithograph,1,Other,660.0,Square inches
"Victoria Observatory, Gonzales Hill",Herbert Siebner,paintings,oil,2,Other,384.0,Square inches
Place de la Madeleine,Rene Maxime Choquet,paintings,oil,2,19th century,1429.134,Square inches
Exorcism Kit with Half Dorje on Lid,Tibetan,other-arts-and-antiques,metal,1,Other,,
Large Aquamarine Seahorses Sculpture,Zadora Limited,sculpture,other,1,20th century,,
Moby Dick,Donald Pollard; Sidney Waugh,sculpture,glass,1,Other,11.25,Inches
Midwinter Ice,Ferdinand Bonheur,paintings,oil,2,19th century,136.0,Square inches
"Native American Bowl, Black on Red Salado/Little Colorado",Native American,bowl,ceramic,1,13th century,678.583,Cubic inches
Chief Black Kettle,Gregory Perillo,sculpture,bronze,1,20th century,,
Adoration of the Three Wise Men,Jacob Bazzano,paintings,oil,2,16th century,2000.0,Square inches
Pale Swan,Michael Parkes,print,,0,20th century,364.0,Square inches
Energy Matter,Heinz Warneke,sculpture,other,1,20th century,80.0,Square inches
Chimayo,Paul Lantz,drawing-watercolour,,0,20th century,266.0,Square inches
Peaceful Valley,Marion J. Wolf,paintings,oil,2,19th century,432.0,Square inches
Primavera,Angelo Basso,sculpture,bronze,1,20th century,25.0,Inches
Monkey In Cage,Lucien Smith,paintings,oil,2,21st century,84.0,Square inches
Cara de Angel IV | Angel Face IV,Mexico,sculpture,wood,2,18th century,5757.874,Cubic inches
Sanibel-Island,Adolfo,paintings,acrylic,2,20th century,4961.25,Square inches
Woman Standing by Well,Luigi Pastega,paintings,oil,2,Other,,
Figures Among Classical Building in a Garden,Francesco Piranesi,drawing-watercolour,pen,3,18th century,80.5,Square inches
Annette,Alberto Giacometti,paintings,oil,2,20th century,724.5,Square inches
Virtues of the Academy,Peter Plagens,paintings,oil,2,20th century,1722.25,Square inches
Vieira da Silva Abstract Painting,Vieira da Silva,paintings,gouache,1,Other,53.188,Square inches
Our Lady of Yaroslavl,Russian,icon-triptych-diptych,wood,3,15th century,130.0,Cubic inches
L'Amour,Erte,sculpture,bronze,1,20th century,21.25,Inches
Young Woman (Miss Bancou),Walter Pach,paintings,oil,2,20th century,396.0,Square inches
Elegant Figures on a Terrace,Esias van de Velde,paintings,,0,Other,28.274,Square inches
"Ron Mueck, Plaster Mask of Face",Ron Mueck,sculpture,other,1,21st century,37.5,Square inches
Statue of Liberty,Gerard Healy,photograph,,0,20th century,99.75,Square inches
Still Life at Fireplace (with Clock),Arbit Blatas,paintings,oil,2,20th century,,
Citrine Squirrels,Zadora Limited,sculpture,citrine,3,20th century,,
"""MARR"" Silver Tea Service",,other,silver,1,19th century,,
Country Scene,Alfred Vickers,paintings,oil,2,Other,1632.0,Square inches
Portrait of a Girl,Mary Cassatt,paintings,watercolor,2,Other,391.039,Square inches
Blue Chalcedony Cane Handle,Zadora Limited,clothing-and-costume,other,1,20th century,,
The Castle,Dorothy de Araujo,paintings,watercolor,2,20th century,480.0,Square inches
Black Curve on Yellow,Werner Drewes,print,wood,1,20th century,45.0,Square inches
Warm Nude,Aldo Luongo,paintings,oil,2,20th century,2160.0,Square inches
Multicolored Orbs,Alexander Calder,paintings,gouache,1,20th century,3139.311,Square inches
L'Amour (Erte),Erte,sculpture,bronze,1,Other,12.0,Inches
Red Marble Abstract Geometric Shaped Sculpture,Henry Klar; Gloria Klar,sculpture,marble,1,20th century,216.0,Square inches
Untitled Guyton,Tyree Guyton,paintings,other,2,20th century,2160.0,Square inches
Trout and Fly,Steuben,dolls-and-figurines,other,2,Other,119.0,Cubic inches
Gottfried von Einem (Composer),Arbit Blatas,paintings,oil,2,20th century,,
Grand Teton,Robert Wood,paintings,oil,2,20th century,864.0,Square inches
Faberge Jade Framed Oval Photograph,Faberge,other-arts-and-antiques,other,4,Other,,
Cloud Study #2,Max Moran,paintings,oil,2,19th century,320.0,Square inches
Faces in the Hood Series,Tyree Guyton,paintings,metal,3,20th century,2304.0,Square inches
Wendy with Flowers,Edna Hibel,print,lithograph,1,20th century,,
"Man on Hoisting Ball, Empire State Building",Lewis Hine,photograph,,0,20th century,35.0,Square inches
Lazarus Raised from the Dead,Russian,icon-triptych-diptych,tempera,2,17th century,1862.205,Square inches
Falcon Sculpture,Andreas von Zadora Gerlof,sculpture,other,4,Other,160.0,Square inches
Auromira Dreaming,Michael Parkes,print,lithograph,2,20th century,736.0,Square inches
"Terentius Christianus, seu Comoediae sacrae tribus partib. Distinctae, terentiano stylo a Corn",Cornelius Schoenaeus,books,paper,1,17th century,6.299,Inches
Cortege Aux Environs de Florence,Edgar Degas,drawing-watercolour,pencil,3,Other,132.283,Square inches
"Lady Carolyn, Duchess of Marlborough",Sir Francis Coates,paintings,oil,2,18th century,1064.0,Square inches
Skull Aerial,Lucien Smith,paintings,oil,2,21st century,51.75,Square inches
White Carrerra Marble Sculpture,Henry Klar; Gloria Klar,sculpture,marble,1,20th century,540.0,Square inches
Summer Beach,Jiang Tie-Feng; China,paintings,paper,1,20th century,400.0,Square inches
Portrait of a Woman,Frank Duveneck,paintings,oil,2,18th century,624.0,Square inches
Les Amoureux Devant la Lune,Joan Miro,paintings,oil,2,20th century,227.5,Square inches
As the Lilly Among the Thorns,Willie Suzuki,print,lithograph,1,20th century,1008.0,Square inches
Ceramic pot,Barbara & Joseph Cerno,other-assorted,ceramic,1,Other,100.0,Square inches
Ceramic pot,Tammy Bortz,other-assorted,ceramic,1,Other,144.0,Square inches
Hopi Pueblo,Iris Youvella,other-assorted,ceramic,1,Other,18.75,Square inches
Hobcaw House,Louis Aston Knight,paintings,oil,1,Other,180.0,Square inches
A Salute to Miss Liberty,Raymond Turner,print,silk,1,Other,1728.0,Square inches
"Felis Pardalis, Ocelot, or Leopard-Cat",John James Audubon,print,etching,1,19th century,541.406,Square inches
"Native American Bowl, Tonto Olla",Native American,bowl,ceramic,1,13th century,,
Morocco - Arab Fruit Vendor,Arbit Blatas,paintings,oil,2,20th century,,
Houses Among Trees,Vladimir Davidovich Baranoff-Rossine,paintings,oil,2,Other,1403.15,Square inches
Portrait of the Artist's Wife,Konstantin Yegorovich,paintings,oil,2,Other,3692.224,Square inches
Psalm 93,Moshe Tzvi Berger,paintings,acrylic,2,21st century,520.0,Square inches
Le Chemineau (The Tramp),Georges Rouault,paintings,oil,2,20th century,63.0,Square inches
Ceramic pot,Silvia Silveria,other-assorted,ceramic,1,Other,90.0,Square inches
Oriente Vase,Dino Martens,vase,glass,1,Other,12.0,Inches
Midlesex Described with the Most Famous Cities of London and Westminster,,other-arts-and-antiques,,0,Other,2160.0,Square inches
Forecast,Erica Harney,paintings,acrylic,2,21st century,1728.0,Square inches
"Tamiko, Edna Hibel Print",Edna Hibel,print,lithograph,1,20th century,,
"Metrische Analysen zu Vergil, von Wilhem Ott",Wilhelm Ott,books,paper,1,20th century,9.449,Inches
Musician's Sword,Emerson and Silver,other,other,2,19th century,35.0,Inches
"Large Jade Durer Rhino Sculpture, Diamond",Zadora Limited,other-assorted,jade,2,20th century,,
Animal Pendant,Akan,jewelry,gold,1,Other,32.929,Square inches
Pride and Prejudice,Jane Austen,books,,0,19th century,7.48,Inches
Shore,Adolfo,paintings,acrylic,2,20th century,2610.562,Square inches
Tatiann's Family,Edna Hibel,print,lithograph,1,20th century,,
Dreaming of Taboos,John Patrick Kelly,sculpture,bronze,1,Other,8.0,Inches
Belmont Stakes Trophy,Tiffany and Company Jewelers,other-collectibles,silver,2,20th century,,
Komposition in Quadraten (Composition with Squares),Hans Reichel,paintings,watercolor,1,20th century,66.938,Square inches
"Li Chen, Still Life painting",Li Chen,paintings,oil,2,20th century,700.0,Square inches
Country Road,"John Frederick Herring, Jr.",paintings,oil,2,19th century,216.0,Square inches
Ruth and Child,Edna Hibel,print,lithograph,1,20th century,,
Sailboat at Sea,,paintings,oil,2,Other,165.0,Square inches
La Femme Angora,Joan Miro,print,etching,3,20th century,916.5,Square inches
"Frog Prince Brooch, Sapphire and Diamond",Zadora Limited,jewelry,gold,3,20th century,,
Peter Piper's practical principles of plan and perfect pronunciation,Unknown,books,paper,1,20th century,,
"Album of Plants, Animals and Birds: Iris",Chen Chia-yen; China,drawing-watercolour,ink,2,Other,264.567,Square inches
Sculptor and Reclining Model Viewing Sculptured Head,Pablo Picasso,print,etching,1,20th century,,
The Runner,R. J. Stiles,sculpture,bronze,1,20th century,16.0,Inches
The Hills of Rome,Rinaldo Paluzzi,paintings,oil,2,20th century,936.0,Square inches
Dancer,Giancarlo Biagi,sculpture,bronze,1,20th century,6.5,Inches
Red Marble Abstract Sculpture,Gloria Klar,sculpture,marble,1,20th century,1080.0,Square inches
"Native American Bowl, Black on White PolychromeÂ (Gila)",Native American,bowl,ceramic,1,13th century,,
Halo,Spanish Colonial,other-arts-and-antiques,metal,1,Other,,
Landscape with Arches,Tobias Verhaecht,drawing-watercolour,pen,3,Other,53.109,Square inches
Ebony Clock,,clock-timepiece,other,3,17th century,23.0,Inches
Ceramic pot,Fannie Nampeyo,other-assorted,ceramic,1,Other,27.833,
Santa Clara Pueblo by Mida Tafoya,Mida Tafoya,other-collectibles,ceramic,1,Other,48.75,Square inches
Fly Fishing,Carl Wagner,sculpture,bronze,1,Other,1200.0,Square inches
The Three Graces,G. Van Opstal,sculpture,ivory,1,17th century,142.472,Square inches
La Jeune Fille | Young Woman,Erte,other-arts-and-antiques,bronze,1,20th century,12.125,Inches
Ruth Ann,Edna Hibel,print,lithograph,1,20th century,,
Jade Statue of Asian Woman Standing with Basket,Chinese,sculpture,jade,1,Other,27.0,Square inches
20 Dibujos #1,Jose Clemente Orozco,other,lithograph,1,20th century,337.125,Square inches
Double frame,Henrik Immanuel Wigstrom,other-arts-and-antiques,silver,1,Other,24.0,Square inches
Spring (Burkee),Jill Burkee,sculpture,bronze,1,20th century,8.0,Inches
"Blue and white jar, Qianlong",Qianlong,other-arts-and-antiques,ceramic,1,18th century,10.0,Inches
Rhinoceros,Salvador Dali,sculpture,bronze,1,Other,113.75,Cubic inches
Maggie in Blue,Judy Brady,other,oil,2,Other,432.0,Square inches
Chartreuse Soft Cylinder with White Drawing,Dale Chihuly,sculpture,glass,1,Other,5491.0,Cubic inches
"Duck Cuff Links, Green and Purple Tourmaline",Zadora Limited,jewelry,gold,1,20th century,,
Christ of St. John of the Cross,Salvador Dali,sculpture,bronze,1,Other,18.0,Inches
Coastal Scene,Granville Redmond,paintings,oil,2,19th century,120.0,Square inches
Joel Grey as Cabaret Emcee,Arbit Blatas,paintings,oil,2,20th century,,
Daffodil,Tiffany,other,glass,1,Other,,
Structure of Space Yellow 3,"Calcagno, Lawrence",paintings,acrylic,2,20th century,2880.0,Square inches
Stained Glass Window with Green Trees and Blue Mountains,,other-arts-and-antiques,glass,1,20th century,1416.0,Square inches
Unnamed Justus Susterman oil painting of Flemish man in Armor,Justus Sustermans,paintings,oil,2,17th century,391.0,Square inches
Pleasure of the Courtesan,Erte,sculpture,bronze,1,20th century,19.0,Inches
Daisies on Ambrust Hill,Phillip Jamison,paintings,watercolor,2,20th century,634.25,Square inches
Mountain Shadows,Alexander Calder,paintings,gouache,1,20th century,3139.311,Square inches
Hibiscus mutabilis,Mang Hang Ho,paintings,watercolor,3,20th century,432.0,Square inches
Gilt Bronze Fire Fender and Chenet,,other,bronze,1,19th century,,
Within the Gates,Benjamin Creme,other,lithograph,1,21st century,455.0,Square inches
Light Trap 8208,Ron Cooper,paintings,other,4,20th century,1944.0,Cubic inches
Eighteenth Century English Black Lacquer Cabinet,England,other,wood,1,18th century,,
Untitled White Bottle with Incised Design,Unknown,textiles,porcelain,1,15th century,12.992,Inches
The Garden,Frederick H. Mcduff,paintings,oil,2,20th century,206.25,Square inches
Spring Flowers on the Piano,Otari Shiuk; Russia,paintings,oil,2,20th century,1292.0,Square inches
Wild Rose,Jiang Tie-Feng; China,paintings,paper,1,20th century,400.0,Square inches
Cylinder Vase,Venini &Co.,vase,glass,1,Other,9.0,Inches
Heliodorus,Heliodorus of Emesa,books,paper,1,17th century,9.055,Inches
Silver Gilded Tankards,Germany; Hans Ment,ornamental-ceramic-wares,silver,1,16th century,5.276,Inches
Stone Flower - Red,Hideo Hagiwara,print,ink,2,20th century,864.0,Square inches
Summer Cottage,Bruce McKain,paintings,oil,1,20th century,709.312,Square inches
Belcher Engraved Bowl,Caddo Nation,ornamental-ceramic-wares,ceramic,1,6th century,3.346,Inches
Crown of the Immaculate Virgin,Spanish Colonial,other,gold,2,18th century,254.331,Square inches
L'Avenue Melior a Pennes,Claude Pissarro,paintings,oil,2,20th century,396.938,Square inches
Peruvian diplomatic communique 4/5,,other-collectibles,paper,1,Other,,
Human Face Pendant,Akan,jewelry,gold,1,Other,9.35,Square inches
Courtyard,Crayon,print,lithograph,1,20th century,70.0,Square inches
"Orbs, Four Open",Alexander Calder,paintings,gouache,1,20th century,3085.015,Square inches
View of Bay,Louis Aston Knight,paintings,oil,1,Other,180.0,Square inches
Lapis Frog Letter Opener,Zadora Limited,other-arts-and-antiques,other,4,20th century,,
Portrait of Martin Buber,Andy Warhol,print,silk,1,20th century,1280.0,Square inches
Landscape with an Obelisk,Govaert Flinck,paintings,oil,2,17th century,602.0,Square inches
Beaker with Man on Turtle shaped stem,,other-arts-and-antiques,silver,1,16th century,11.929,Inches
Style #18 Langue,Joy Navasie (Frog Woman),ornamental-ceramic-wares,ceramic,1,Other,56.25,Square inches
Alexander Graham Bell Letter,Alexander Graham Bell,books,paper,1,Other,,
The Bather (Raymond),Walter Pach,paintings,oil,2,20th century,816.0,Square inches
Terrier Rabbiting,Geroge Armfield,paintings,oil,2,Other,480.0,Square inches
Volcano Pot,Stella Chavarria,ornamental-ceramic-wares,ceramic,1,Other,18.0,Square inches
Bremin's Cog,John Dreyfuss,sculpture,bronze,1,20th century,5700.0,
Mums and Daisies,Rudy Colao,paintings,oil,2,20th century,480.0,Square inches
Untitled Pablo Picasso Print,Pablo Picasso,print,lithograph,1,Other,168.0,Square inches
Native American Beaded Moccasins,Native American,clothing-and-costume,other,1,20th century,,
Sea of Jade (Encyclopedia) in 200 Chapters,China,books,,0,14th century,,
A Boss,Yoshitoshi Mori; Japan,print,wood,1,20th century,2579.528,Square inches
Portrait of a Woman,Frank Duveneck,paintings,oil,2,18th century,624.0,Square inches
"Korean, Yi Period Bottle",Korea,other,porcelain,1,Other,8.0,Inches
Hilltop Village,Franklin Townsend Morgan,print,etching,1,20th century,80.5,Square inches
Old Man Holding Young Girl,"Lucas Cranach, the elder",paintings,oil,2,16th century,688.976,Square inches
View at Glacier Lake,Kreg Kallenberger,sculpture,glass,1,Other,441.0,Cubic inches
Santiaguito Apostol (Apostle James),Mexico,sculpture,wood,1,18th century,1181.102,Square inches
"Ram Cuff Links, Citrine and Ruby Cabachons",Zadora Limited,jewelry,citrine,4,20th century,,
Indian Dancer,Micheal Naranjo,sculpture,bronze,1,Other,20.0,Inches
Bird Study,Dan Sinclair,print,etching,1,19th century,216.0,Square inches
Pierrot - Clown,Simon Avissar,print,,0,Other,396.0,Square inches
Elephant Sculpture,,sculpture,metal,1,Other,26.0,Inches
Fox Listening for Mice,Kenneth Bunn,sculpture,bronze,1,20th century,5.0,Inches
Toss the Coin,John Henry Rouson,paintings,oil,2,19th century,1333.0,Square inches
Circus,Marc Chagall,print,lithograph,1,Other,319.0,Square inches
Peonies and Lace,Adolf Sehring,paintings,oil,2,20th century,480.0,Square inches
Figuras Griegas,Greek,sculpture,other,1,Other,,
Christinia,David Anderson; Swedish,other,silver,1,19th century,,
Faustus,,paintings,oil,2,Other,,
"""Pale Swan""",Michael Parkes,print,lithograph,2,20th century,425.0,Square inches
Night,Mark Greenwold,paintings,watercolor,2,20th century,71.25,Square inches
"The Grand Canal, Venice, with gondolas and a barge, on the right a bridge",Jacopo Marieschi,paintings,oil,2,Other,476.0,Square inches
Bronze Nude,C. Noel,sculpture,bronze,1,Other,1687.5,Cubic inches
Racing Towards Home,John Henry Rouson,paintings,oil,2,19th century,1728.0,Square inches
"Portrait of Sir John Campbell, 4th Earl of Loudon",,print,paper,1,18th century,376.25,Square inches
Red Sienna Marble Sculpture,Henry Klar; Gloria Klar,sculpture,marble,1,20th century,540.0,Square inches
Herding Cattle,,paintings,oil,2,Other,650.0,Square inches
Old China with Chrysanthemums,Otari Shiuk; Russia,paintings,oil,2,20th century,896.0,Square inches
San Francisco Harbor,William Alexander Coulter,paintings,oil,2,Other,1152.0,Square inches
Butte,Harris Shelton,paintings,oil,1,20th century,1165.25,Square inches
Romonus and Eudokia,,other,,0,Other,0.906,Inches
Interlaken Suisse,Adolphe Braun,print,paper,1,19th century,171.0,Square inches
Fathercide,Max Moran,paintings,oil,2,20th century,616.0,Square inches
"Shell Earrings, Gold and Diamonds",Zadora Limited,jewelry,gold,2,20th century,,
Royal Satsuma Tea Set,Satsuma,ornamental-ceramic-wares,porcelain,1,19th century,,
The Wall Flower,Pierson,sculpture,other,1,20th century,2673.058,Cubic inches
"Summerday Promises, Japanese Ivory Sculpture #2",Asian,sculpture,ivory,1,Other,13.0,Inches
The Night Watch,Rembrandt; Miller,sculpture,other,1,19th century,54.0,Square inches
Dogwood,Tiffany,other,glass,1,Other,29405.282,Cubic inches
The End,Al Hirschfeld,print,lithograph,1,21st century,880.0,Square inches
"La Entrega de Checeeslovaquia Chamberlin, Hitler, Mussolini",Raul Anguiano,print,lithograph,1,Other,157.5,Square inches
Crabman,Giancarlo Biagi,sculpture,bronze,1,20th century,10.0,Inches
Russian Light Pink Enameled Gold Box,Russian,other,other,2,Other,,
Rosa Portugali Marble Sculpture of Figure,Henry Klar; Gloria Klar,sculpture,marble,1,20th century,48.0,Inches
Christmas Night,Sydney Laurence,paintings,oil,2,Other,140.0,Square inches
Untitled abstract painting,Charles Dix,paintings,acrylic,2,Other,2491.0,Square inches
Dusk at Piedmont,Adolf Sehring,paintings,oil,2,20th century,720.0,Square inches
Trigonometria artificialis,Adrian Vlacq,books,paper,1,17th century,13.78,Inches
Stained Glass Window with Blue & Gold Trees,,other-arts-and-antiques,glass,1,20th century,1200.0,Square inches
Amy Kenny Seated with Flower Vase,Max Moran,paintings,oil,2,19th century,988.0,Square inches
Joan of Arc Watercolor,Leon Benouville,drawing-watercolour,ink,4,18th century,54.0,Square inches
Home is Where the Hoard Is,Ailene Fields,sculpture,bronze,1,20th century,,
Better World 158435,Peter Max,paintings,acrylic,2,20th century,,
New Hope Canal,Pearl Van Sciver,paintings,oil,2,20th century,750.0,Square inches
Sisters,Alexander Calder,paintings,gouache,1,20th century,3121.309,Square inches
Hexagon Vases,,vase,,0,19th century,7.0,Square inches
William Street Vineyard Haven,Max Moran,paintings,oil,2,19th century,320.0,Square inches
Terracotta Head Slightly Tilted to the Left,,sculpture,other,1,Other,9.496,Square inches
Spring Rain,,paintings,oil,2,Other,720.0,Square inches
Vagabonds,Mildred Bryant Brooks,print,etching,1,20th century,,
Ivory Mermaid,Nora Ansell,sculpture,other,1,20th century,35.0,Inches
Norman Rockwell's Walking Stick,,other-arts-and-antiques,wood,1,Other,32.0,Inches
Coming Through the Rye,Frederic Remington,sculpture,bronze,1,Other,24115.0,Cubic inches
Pecatte Violin Bow,Charles Pecatte,other,wood,1,Other,,
"Compendium of Commonly Used Antonyms for Poetry, Lyrics, and Rhapsodies in 20 Chapters",Unknown,books,,0,14th century,84.551,Square inches
The Entry of Christ into Jerusalem,Russian,icon-triptych-diptych,tempera,2,17th century,1678.74,Square inches
"Woman Leaning on Vase, William Bouguereau",William Bouguereau,paintings,oil,2,19th century,,
Untitled White Bowl with an HUA Phoenix Design,Unknown,other-assorted,porcelain,1,15th century,949.9,Cubic inches
Belmont Harbor,William Earle Singer,paintings,oil,1,20th century,1182.562,Square inches
"Gold Coin Depicting Portrait of an Emperor Facing the Right, Surrounded by the Letters DNIVST IIII SPPAY.",,other,gold,1,Other,,
Arche de Triomphe,Edouard Cortes,paintings,oil,2,19th century,117.0,Square inches
Geology,Heinz Warneke,sculpture,other,1,20th century,63.0,Square inches
Stone Carving of Polar Bear,Inuit,sculpture,stone,1,Other,10.0,Inches
Untitled Nayland Blake Profile Drawing,Nayland Blake,drawing-watercolour,pencil,2,21st century,108.0,Square inches
King Jasper: A Poem,Edwin Arlington Robinson,books,paper,1,20th century,8.268,Inches
Madonna and Child Icon,Sergei Gusev,icon-triptych-diptych,silver,1,19th century,,
Paradies,Adolfo,paintings,oil,2,20th century,3480.75,Square inches
IWC Schaffhausen Porsche Design Watch,International Watch Company Schaffhausen,jewelry,other,1,20th century,1.227,Square inches
Newborn Dolphin,Robert Wyland,paintings,oil,2,20th century,590.0,Square inches
Hadrian Aureus (Obverse),Roman,other,gold,1,2nd century,,
Beethoven's Sonata,Russian,print,,0,19th century,200.0,Square inches
Country House,Maurice de Vlaminck,paintings,oil,2,19th century,487.52,Square inches
In descriptionem Graeciae Sophiani praefatio etc.,Nicolaus Gerbelius,books,,0,16th century,,
Transformation,Werner Drewes,print,etching,1,20th century,106.5,Square inches
The Challenge,Gunther Granget,sculpture,bronze,2,Other,60.0,Square inches
A Study for Willie Gillis in College,Norman Rockwell,paintings,oil,2,20th century,308.268,Square inches
Buccellati Silver Vase,Buccellati,vase,silver,1,Other,,
Coin Depicting Emperor Facing Right,,other,,0,Other,,
San Joaquin,,sculpture,wood,1,17th century,2303.15,Square inches
Stations of the Cross - 8,Ben Stahl,paintings,,0,20th century,7776.0,Square inches
"Indian, Mughal Necklace",India,jewelry,other,4,19th century,8.0,Inches
Cat,Egypt,sculpture,bronze,1,Other,5.433,Inches
Portrait of Celeste Ray,Max Moran,paintings,oil,2,20th century,884.0,Square inches
Freddies One Man Band,Red Skelton,paintings,oil,2,20th century,,
Samurai Warrior,Kunichika; Japan,paintings,watercolor,2,Other,126.0,Square inches
County Fair,Charlotte Burger,paintings,oil,2,20th century,950.0,Square inches
Christmas in Japan,Christopher Rote,textiles,oil,2,Other,1296.0,Square inches
Rose Cloud Macchia with Cardinal Lip Wrap,Dale Chihuly,sculpture,glass,1,Other,11040.0,Cubic inches
Custodia,Spanish Colonial,other,silver,2,19th century,27.165,Inches
Still Life,John Decker,paintings,oil,2,20th century,216.0,Square inches
Chicago Board of Trade,Leroy Neiman,print,lithograph,1,Other,967.422,Square inches
Rosa Damascena Celsiana prolifrea,Pierre Joseph Redoute,print,paper,1,18th century,730.315,Square inches
Citrine Camel,Zadora Limited,sculpture,citrine,4,20th century,,
Impressionist Landscape Painting,Yvonne Canu,paintings,oil,2,20th century,504.0,Square inches
Saint Anthony of the Miracles,Unknown,paintings,oil,2,18th century,285.827,Square inches
Black Float Drawing,Dale Chihuly,drawing-watercolour,,0,Other,660.0,Square inches
"Mother and Child, Asian portrait style painting",,paintings,oil,2,Other,528.0,Square inches
Untitled,Madeleine Rouart,paintings,oil,2,Other,317.75,Square inches
Who was that Masked Man,John Patrick Kelly,sculpture,bronze,1,Other,15.0,Inches
Fulton Fish Market,Cecil Bell,paintings,watercolor,1,Other,775.0,Square inches
Presentation of the Virgin in the Temple,Albrecht Durer,print,wood,3,16th century,,
Gypsy Woman,,paintings,oil,2,Other,252.0,Square inches
Portrait of John Steven McGroarty,Seymour Stephen Thomas,paintings,oil,2,20th century,432.0,Square inches
Catboat on Seas,Unknown,paintings,oil,1,Other,600.0,Square inches
Citrine Lions,Zadora Limited,sculpture,citrine,2,20th century,,
San Jose y El Nino | Saint Joseph and Christ Child,Unknown,paintings,oil,2,17th century,5905.512,Square inches
Wife of Peter Abelen,August Sander,photograph,other,1,Other,80.0,Square inches
The Harbor,Ostor Glorig,paintings,oil,2,19th century,1739.0,Square inches
The Wiestling Family,Jacob Maentel; American,paintings,gouache,2,19th century,371.25,Square inches
Poole's index to periodical literature,Unknown,books,paper,1,19th century,10.63,Inches
View from Studio Window,Max Moran,paintings,oil,2,19th century,242.0,Square inches
Accordian Player,Willard Ayer Nash,drawing-watercolour,,0,20th century,91.375,Square inches
Eagle in Free Flight,Tom Ames,sculpture,glass,1,Other,104.5,Square inches
"Rutile Quartz Cheese Clock, Citrine, Enamel and Jade",Zadora Limited,other-collectibles,,0,20th century,,
The Chap Book,Henri de Toulouse-Lautrec,print,paper,1,Other,,
The Baptism of Christ,Russian,icon-triptych-diptych,tempera,2,17th century,1828.346,Square inches
Peter Loomer,Don Bachardy,drawing-watercolour,pencil,2,20th century,864.0,Square inches
Eichmann,Berne Hogarth,paintings,oil,2,20th century,1788.5,Square inches
"Letter ""V"" (Alphabet Series)",Erte,print,serigraph,1,20th century,155.0,Square inches
Burial,Mine Okubo,paintings,tempera,1,20th century,,
"Camera Work Gravure, Hand of Man",Alfred Stieglitz,photograph,,0,Other,80.0,Square inches
Spring,Adolfo,paintings,acrylic,2,20th century,2598.75,Square inches
Wanyan Collection of Biographies of Famous Officials,China,books,,0,Other,100.535,Square inches
The Little Empress,Edna Hibel,print,lithograph,1,20th century,,
"Paris, by Walter Preschere van Ed",Walter Preschere van Ed,paintings,oil,2,Other,864.0,Square inches
"Frog Stickpen, Green Tourmaline, Ruby and Diamond",Zadora Limited,other-assorted,other,4,20th century,,
"Table des Eaux-Fortes from Balza, Chef d'Oeuvre Inconnu",Pablo Picasso,print,etching,1,20th century,173.312,Square inches
Crossing the Rappahanock to Chancellorville,"William McIlvaine, Jr.",paintings,watercolor,1,18th century,60.0,Square inches
Mujer Culebra Verde o Cucumax,Luis Magin,paintings,wood,3,20th century,576.0,Square inches
"Native American, Beaver Headdress",Pacific Northwest; Haida,clothing-and-costume,wood,1,Other,,
Lion Fish,Yoshi Nori; Japan,sculpture,bronze,1,Other,3.543,Inches
Cry of Vengeance,Gregory Perillo,sculpture,bronze,1,20th century,,
"Large Citrine Falcon Sculpture, Gold, Silver and Obsidian",Zadora Limited,sculpture,citrine,4,20th century,,
Figures Outside a Country House,William Wyld,drawing-watercolour,watercolor,1,19th century,169.625,Square inches
Biblia cum Postilis,Nicolai de Lyra,books,,0,15th century,,
Cruis'n the Missouri,Mike Hollern,sculpture,bronze,1,Other,336.0,Square inches
Woman by the Window,Frederick Trap Friis,paintings,oil,2,Other,408.0,Square inches
Campbell's Soup I (Vegetable),Andy Warhol,print,silk,1,20th century,767.625,Square inches
On the Banks of the Marne,H.C. Bresson,photograph,paper,1,Other,154.0,Square inches
Roundel with Sea and Ship Scene,,paintings,oil,2,19th century,244.0,Square inches
"Finished Sketch for Painting ""Happy Days of Long Ago""",Henry Farny,paintings,oil,2,Other,731.25,Square inches
Katar Woman,Iran,paintings,ivory,1,19th century,168.0,Square inches
Frog Apple Sculpture,Andreas von Zadora Gerlof,sculpture,other,6,Other,117.81,Cubic inches
Esperando,Russell W. Bowers,sculpture,bronze,1,Other,15.0,Inches
Yama and Yami,Sino-Tibetan,sculpture,bronze,1,18th century,24.938,Square inches
Portrait de Femme,Rufino Tamayo,print,lithograph,1,Other,,
Oiseau et Bouquet,Marc Chagall,paintings,,0,Other,477.75,Square inches
Red Hunters and the Animal People,Charles Alexander Eastman,books,paper,1,20th century,7.874,Inches
A Fox in a Lair,Heywood Hardy,paintings,oil,2,19th century,48.0,Square inches
Jack Goes Back,Charles M. Russell,drawing-watercolour,pen,2,Other,120.0,Square inches
1958 Yankees World Series Ring,,jewelry,gold,1,20th century,,
Samurai,,paintings,watercolor,1,19th century,192.0,Square inches
Indian on Horse Holding Lance,Charles M. Russell,other-arts-and-antiques,,0,20th century,75.25,Square inches
Small Engraved Bowl,Caddo Nation,ornamental-ceramic-wares,ceramic,1,6th century,1.929,Inches
St. Medard,,sculpture,wood,1,Other,25.591,Inches
Figure of a Woman,,paintings,oil,2,Other,1400.0,Square inches
Firebird by Erte,Erte,sculpture,bronze,1,20th century,112.0,Square inches
Untitled Philip Paval Abstract Painting,Philip Paval,paintings,oil,2,19th century,720.0,Square inches
Conneaut Slip-shade Chandelier,Conneaut Company,other,other,3,19th century,,
Pair of Gilt and Crystal Sconces,,other-arts-and-antiques,bronze,1,20th century,,
Suzanne,Victor Villarreal,sculpture,bronze,1,Other,480.0,Square inches
The Black Virgen,Patssi Valdez,paintings,acrylic,2,20th century,864.0,Square inches
St. Anne,Gaspar de Crayer,paintings,oil,2,Other,43.0,Square inches
Silver Crucifix,,other,silver,1,Other,,
The Dynasts,Thomas Hardy,books,paper,1,20th century,,
The Mighty Hunter,Gregory Perillo,sculpture,silver,2,Other,23.0,Inches
Luxembourg Garden,Henri Matisse,paintings,oil,2,20th century,510.236,Square inches
"Dagger, Scabbard, and Belt",Unknown,other-arts-and-antiques,gold,3,Other,,
Missal Stand,,other-arts-and-antiques,silver,1,Other,240.0,Cubic inches
Ronald Firbank: A Memoir,Ifan Kyrle Fletcher,books,paper,1,20th century,9.055,Inches
Medicine Man,Lyle Tayson,paintings,oil,2,20th century,864.0,Square inches
Pair of Ewers,,ornamental-ceramic-wares,bronze,1,Other,138.0,Square inches
Untitled Chinese Calligraphy Scroll,Hua Li; China,other-arts-and-antiques,paper,1,20th century,1700.0,Square inches
By the Sea,Frederick J. Knowles,paintings,oil,2,19th century,128.625,Square inches
Freddie the Buglar,Red Skelton,drawing-watercolour,other,1,20th century,,
Violets,Erte,paintings,gouache,1,Other,108.0,Square inches
Jade and Jasper Elephant Sculpture,Zadora Limited,sculpture,other,2,20th century,,
Small Citrine Sphere,Zadora Limited,sculpture,citrine,1,20th century,,
Beach at Cape Cod,Linda Litle,paintings,oil,2,Other,,
Beatrice Alone,Michael Parkes,print,lithograph,1,20th century,,
Mythology I,Adolfo,paintings,acrylic,2,20th century,1771.875,Square inches
Navajo Chief's Blanket (3-ply Saxony),Navajo,textiles,other,1,18th century,4680.0,Square inches
Silkscreen for Flowers Print,Andy Warhol,print,other,2,20th century,1296.0,Square inches
View of Lawn to Shore,Louis Aston Knight,paintings,watercolor,1,Other,180.0,Square inches
"Duck Sculpture, Labradorite and Carnelian",Zadora Limited,sculpture,gold,2,20th century,,
Anthropomorphic Jade Figurine,Mayan; Honduras,sculpture,jade,1,Other,8.661,Inches
Piggy Back,Gregory Perillo,paintings,oil,1,20th century,864.0,Square inches
The Awakening of Spring,G. Wilmer Gettier,paintings,oil,1,20th century,765.547,Square inches
Through the Trees,Charles Barrows,drawing-watercolour,ink,1,20th century,165.0,Square inches
From Broncs to Bronzes,Grant Speed,sculpture,bronze,1,Other,250.664,Cubic inches
Man and Woman,Iran,paintings,ivory,1,19th century,80.0,Square inches
"Christy Mathewson, 1916 Baseball Contract",Cincinnati Reds,other-arts-and-antiques,ink,2,20th century,,
Spring Rain,Betty Esman,paintings,other,2,19th century,168.0,Square inches
"Native American, Tsimshian Mask",Pacific Northwest; Tsimshian,clothing-and-costume,wood,1,Other,,
Square Abstract Marble Sculpture,Henry Klar; Gloria Klar,sculpture,marble,1,20th century,12348.0,Cubic inches
The Old Man,Jessie James,drawing-watercolour,pencil,2,20th century,864.0,Square inches
Mount Victory Railroad,Max Moran,paintings,oil,2,19th century,154.0,Square inches
Madonna and Child,,paintings,oil,3,16th century,345.0,Square inches
Evening Mesa,Ron Hoeksema,print,serigraph,1,Other,1008.0,Square inches
Santa Clara Pueblo,Stella Chavarria,other-assorted,ceramic,1,Other,22.0,Square inches
F.X. McRory's Whiskey Bar,Leroy Neiman,print,lithograph,1,Other,1020.953,Square inches
San Lazasso et Ses Amis,Joan Miro,print,lithograph,1,Other,,
"Crown of Saint Sepulcro (Rayo del Senor de Mayo, Santo Sepulcro)",,jewelry,bronze,1,Other,737.008,Square inches
Sulfur Sails,Sam Francis,print,lithograph,1,Other,994.5,Square inches
Fusion,Alexander Calder,paintings,gouache,1,20th century,2997.047,Square inches
Roundup,Charles Damrow,paintings,oil,2,20th century,726.0,Square inches
Portrait of a Woman,Raul Anguiano,print,lithograph,1,Other,439.312,Square inches
Susanna and the Elders,Italy,paintings,oil,2,19th century,2352.0,Square inches
Winter Scene (Austria),Ernst Huber,paintings,watercolor,1,19th century,408.0,Square inches
Pendant,Akan,jewelry,gold,1,Other,,
Crown of Thorns,Spanish Colonial,other-arts-and-antiques,metal,1,Other,,
Chinese Man,Chinese,paintings,watercolor,3,19th century,48.0,Square inches
Kyoko and Sauayuki,Edna Hibel,print,serigraph,1,20th century,,
"Turner, Ornate Tankard",William Turner,ornamental-ceramic-wares,silver,1,17th century,,
"Elizabeth Peyton, Untitled Oil Painting",Elizabeth Peyton,paintings,oil,2,20th century,144.0,Square inches
The Concert,Johannes Vermeer,paintings,oil,2,16th century,1846.752,Square inches
The Man Who Saw God,Max Moran,paintings,oil,2,Other,432.0,Square inches
Descending Cougar,Kenneth Bunn,sculpture,bronze,1,Other,33.0,Inches
Moonlit Night on the River Tamagawa,Utagawa Hiroshige; Japan,other-arts-and-antiques,silk,1,19th century,127.141,Square inches
The Religious and Loyal Protestation,John Gauden,books,paper,1,17th century,7.874,Inches
Yellow Flower,Alexander Calder,paintings,gouache,1,20th century,3085.015,Square inches
Tianhuang Seal,Wang Fu'an,other-collectibles,stone,1,20th century,12.349,Cubic inches
1933 Packard,Harold James Cleworth,print,lithograph,1,20th century,704.0,Square inches
Reliquary Guardian Figure,Kota; Africa,sculpture,,0,Other,12.0,Inches
Saint Raphael Archangel,Unknown,paintings,oil,2,17th century,6407.48,Square inches
Scene Depicting the Refusal of a Marriage Proposal,William Powell Frith,paintings,oil,2,19th century,2400.0,Square inches
Corn Stalks and Clouds,Max Moran,paintings,oil,2,19th century,912.0,Square inches
Pendant,Akan,jewelry,gold,1,Other,4.606,Square inches
Mandala - Cremation Scene (with Elephants),Nepalese,sculpture,bronze,1,14th century,,
Venus Bemused,Lynn Forbes,sculpture,bronze,1,21st century,19.0,Inches
"Bull Cuff Links, Citrine, Tourmaline and Diamond",Zadora Limited,jewelry,citrine,4,20th century,,
Salmonia,Sir Humphry Davy,books,paper,1,19th century,6.693,Inches
British Transport Ships,Antonio Jacobson,print,other,1,Other,1728.0,Square inches
Carmel,Bennett Sculpture Gallery,sculpture,bronze,1,Other,,
Ceramic pot by Belen Tapia,Belen Tapia,ornamental-ceramic-wares,ceramic,1,Other,97.75,Square inches
Etudes Bruxelles - Studies in Brussels,Georges Vantongerloo,paintings,oil,2,Other,1259.055,Square inches
Aquamarine Frogs,Zadora Limited,sculpture,other,3,20th century,,
Georges Braque Abstract of a Guitar,Georges Braque,paintings,oil,2,20th century,66.5,Square inches
"Dieu, Le Temps, I'Espace et le Pape",Salvador Dali,print,other,3,20th century,1324.688,Square inches
Archangel Rafael,Unknown,paintings,oil,2,18th century,5905.512,Square inches
Church Interior,Leonid Mikhailovich Brailovsky | Rimma Nikitichna Brailovsky,paintings,oil,2,20th century,1402.362,Square inches
Blue and White Chinese Vase,,vase,,0,Other,42.0,Inches
Navajo Germantown Moki Blanket,Navajo,textiles,other,1,19th century,4680.0,Square inches
Rock with Petroglyphs,,other,stone,1,Other,,
The Descent from the Cross,Rembrandt,print,etching,1,Other,333.125,Square inches
Ivory Sopranino Recorder in F (2/2),Unknown,other,ivory,1,18th century,10.4,Inches
When Beavers Come High,J. Shirley Bothum,sculpture,bronze,1,Other,30.0,Inches
Moses,Marc Chagall,print,lithograph,1,Other,303.75,Square inches
Elephant Series,Christian Claerebout,paintings,oil,2,21st century,1600.0,Square inches
Joan of Arc,,sculpture,silver,3,Other,,
Camellia Honkongensis,Mang Hang Ho,paintings,watercolor,3,20th century,182.125,Square inches
Santa Clara,Luisito Lujan,sculpture,wood,1,19th century,14.0,Inches
La Jarre Fleurie (The Flower Jar),Michael Bouchery,paintings,oil,2,Other,2874.016,Square inches
Still Life With Lilac Flowers,Theodor Aman,paintings,oil,2,18th century,931.0,Square inches
"Bull Cuff Links, Citrine, Tourmaline and Diamond",Zadora Limited,jewelry,citrine,4,20th century,,
Indian Chiefs - Pink,Andy Warhol,print,silk,1,Other,,
Style #24; Susan Aizumi,Toni Roller,other-assorted,ceramic,1,Other,,
Chez Tortoni,Edouard Manet,paintings,oil,2,18th century,348.031,Square inches
Clay Sculpture of Woman Sitting on Throne,,sculpture,clay,1,Other,9.213,Square inches
Clamdiggers Returning Home,,paintings,oil,2,Other,468.0,Square inches
Paris - Luxembourg Gardens 1,Arbit Blatas,paintings,oil,2,20th century,2451.969,Square inches
Bud Form,Alice Ballard Munn,sculpture,ceramic,1,Other,16.0,Inches
Behind Our Kitchen Window in Vermont,Wolf Kahn,drawing-watercolour,pencil,2,20th century,154.0,Square inches
Eye XV,Rachel Burch Williams,paintings,acrylic,4,21st century,10403.84,
Moche Bottle,Moche,vase,ceramic,1,Other,2572.756,Cubic inches
"Abstract Sculpture, White Marble",Henry Klar; Gloria Klar,sculpture,marble,1,20th century,216.0,Square inches
Margaret and Child,Edna Hibel,print,lithograph,1,20th century,,
Western Harness Racing Association Cup,,other-arts-and-antiques,gold,1,Other,7.5,Inches
The Painter and his Model | Le Peintre et son Modele,Pablo Picasso,print,paper,1,20th century,,
L.A. 2 Centennial,R. L. Paris,paintings,acrylic,1,19th century,2304.0,Square inches
Lust (Seven Deadly Sins),Erte,print,serigraph,1,Other,,
Clay Statue of Woman in Ceremonial Garb,,sculpture,clay,1,Other,6.26,Inches
Statue of Woman Sitting on Brick Colored Clay Throne,,sculpture,clay,1,Other,15.047,Square inches
"Native American Bowl, Black on White Pinto Polychrome",Native American,bowl,ceramic,1,13th century,28.274,Square inches
Silhouette,Michael Scolaro,paintings,oil,2,20th century,108.0,Square inches
Untitled Raoul Dufy painting,Raoul Dufy,paintings,gouache,2,20th century,497.25,Square inches
#9,Alexander Calder,textiles,,0,20th century,5760.0,Square inches
"Beehive Brooch, Gold and Diamond, ID 013495",Zadora Limited,jewelry,gold,1,20th century,,
Speed's History of Great Britaine,John Speed,books,paper,1,17th century,16.929,Inches
Nude Girl Running (Art Nouveau) Bronze,,sculpture,bronze,1,Other,18.0,Inches
Program for an Artistic Soiree (Two Versions),Edgar Degas,drawing-watercolour,other,2,Other,17425.746,
Oregon and California in 1848,Jessy Quinn Thornton,books,paper,1,19th century,7.874,Inches
African Mask with Horns,Africa,clothing-and-costume,wood,1,Other,84.0,Square inches
La Virgen de Tecuaque (Virgin of Tecueque),Mexico,sculpture,wood,1,18th century,885.827,Square inches
"Self-Portrait, Rembrandt",Rembrandt,print,,0,17th century,3.5,Square inches
Rock Crystal Birds Sculpture,Zadora Limited,sculpture,other,1,20th century,,
Young Lady en Deshabille,Sir William Russell Flint R. A.,paintings,watercolor,1,Other,340.75,Square inches
Seahorse,Salvador Dali,drawing-watercolour,,0,20th century,,
Marie's Path,Max Moran,paintings,oil,2,20th century,1428.0,Square inches
"Small Bee Brooch, Ruby and Diamond",Zadora Limited,jewelry,gold,3,20th century,,
Saint Nicholas,Vladimir Ovchinnikov,icon-triptych-diptych,silver,3,19th century,,
Red Clay Horse,,sculpture,clay,1,Other,143.238,Cubic inches
"C. Plinii Caec. Sec. Epist. lib. IX [i.e. X] Eiusdem & Traiani imp. epist. amoebaeae. Eivsdem Pl. et Pacati, Mamertini, Nazarii [et al.] panegyrici",Pliny,books,paper,1,17th century,4.724,Inches
Style #11; Pamela Lange,Tom Tapia (Birdell),other-assorted,ceramic,1,Other,20.0,Square inches
Country Scene by C. Scholkem,C. Scholkem,drawing-watercolour,other,2,Other,76.289,Square inches
The Kenyon Book,W. B. Bodine,books,paper,1,19th century,10.236,Inches
Byzantine Architectural Embellishment,Byzantine; Turkey,other,marble,1,Other,287.992,Square inches
Shoreline with Girl,Howard Behrens,paintings,oil,2,19th century,1344.0,Square inches
Aries (Zodiac),Erte,print,serigraph,1,Other,,
"Duck Cuff Links, Green Tourmaline & Diamond Details",Zadora Limited,jewelry,other,3,20th century,,
Four Section Ivory Flute,English,other,ivory,1,19th century,35.5,Inches
Janet or No Name Portrait,Larry Rivers,drawing-watercolour,other,2,20th century,360.0,Square inches
"Album of Plants, Animals and Birds: Peach Blossoms and Swallows",Chen Chia-yen; China,drawing-watercolour,ink,2,Other,264.567,Square inches
Untitled (S1-C7),Juarez Marialva Tito Martins Paraiso,drawing-watercolour,ink,2,19th century,2323.125,Square inches
Birthing my Husband (2/4),Pat Lasch,sculpture,other,1,20th century,,
Intriguing Desert,Victor Matson,paintings,oil,2,19th century,616.0,Square inches
Final Portrait,Aurel Bernath; Austria,paintings,watercolor,2,Other,342.0,Square inches
Mussaenda erosa,Mang Hang Ho,paintings,watercolor,3,20th century,297.6,Square inches
Burnt Russet Macchia with Pine Frost Lip Wrap,Dale Chihuly,sculpture,glass,1,Other,700.0,Square inches
Paul Hart Cello,Paul Hart,other,other,1,20th century,278.504,Square inches
Alligator Skull,,other-arts-and-antiques,other,1,Other,8.0,Inches
Evening Light on the Thames,Sir William Ashton,paintings,oil,2,20th century,418.898,Square inches
Dragon on Parade,Margaret Keane,other,oil,2,20th century,540.0,Square inches
Tamiko,Edna Hibel,print,lithograph,1,20th century,,
Woman in Red Lounging,Frederick Trap Friis,paintings,oil,2,Other,480.0,Square inches
Outfoxed,Don Dufva,sculpture,bronze,1,Other,189.0,Square inches
Santa Maria La Mayo | Nuestra Senora de Popolo | Virgen de la Estrada,Unknown,paintings,oil,2,16th century,4750.0,Square inches
Image of stamp (Ch'ien Ch'ing Kung),China,other-arts-and-antiques,stone,1,18th century,2.25,Inches
Green Landscape,Lyle Tayson,paintings,oil,2,20th century,864.0,Square inches
"Little Big Horn, Custer's Last Stand",Lieutenant Donald McIntosh,other-arts-and-antiques,paper,1,18th century,21.0,Square inches
Italian Buffalo Sculpture with White Front,Italy,sculpture,wood,1,Other,8.0,Inches
The Plaza with American Flags,Max Moran,paintings,oil,2,20th century,616.0,Square inches
Sunday in Connecticut,Kay Ameche,paintings,oil,2,20th century,864.0,Square inches
Fathom Mark II,Al Held,paintings,acrylic,2,20th century,2304.0,Square inches
1955 Most Valuable Player Award,,other-arts-and-antiques,silver,2,20th century,,
"Vlaicu Ionescu, Spired Building with Mountain Backdrop",Vlaicu Ionescu,paintings,oil,2,20th century,,
My Label,Imogen Cunningham,photograph,,0,20th century,,
Les Voltigeurs,Marc Chagall,paintings,gouache,1,20th century,282.75,Square inches
Wedgewood (blue and white colored) urn.,Wedgewood,ornamental-ceramic-wares,porcelain,1,Other,16.0,Inches
Tic-Tac-Toe,Alice Trumbull Mason,drawing-watercolour,pencil,2,20th century,176.641,Square inches
Racing Past the Club House,John Henry Rouson,paintings,oil,2,19th century,1728.0,Square inches
Big Toco Style Shell Gorget,,other,other,1,Other,4.909,Square inches
Untitled (Self-Portrait of Rene Ricard),Rene Ricard,drawing-watercolour,pencil,2,20th century,140.0,Square inches
"God the Father, Jesus and St. Michael Surrounded by Angels",Luca Cambiaso,drawing-watercolour,pen,2,15th century,251.484,Square inches
"Native American Bowl, Oval Gila Polychrome",Native American,bowl,ceramic,1,13th century,276.116,Cubic inches
Portrait of a Lady,Anton Einsle,paintings,oil,2,19th century,781.25,Square inches
Jack Benny (Roundup Cover Art),Raul Rossell,paintings,watercolor,2,20th century,154.0,Square inches
Famille de paysans au diner | Peasant Family at Dinner,Cornelis Saftleven,other,oil,2,16th century,550.197,Square inches
Bird with Flowers,Pennsylvania Dutch,paintings,,0,18th century,46.5,Square inches
Castel Sant Angelo and the Pont Sant Angelo,Victor-Jean Nicolle,paintings,other,4,Other,4.703,Square inches
La Virgen Maria de la Purisima Concepcion (Virgin Mary of the Purest Conception),Mexico,sculpture,wood,1,18th century,2952.756,Square inches
1953 Yankees World Series Ring,,jewelry,gold,1,20th century,,
Silver and Shell Beaker,Breslau,other-arts-and-antiques,other,1,17th century,10.433,Inches
Swarm Intelligence 1,Christoph Hueppi,paintings,acrylic,2,21st century,1833.0,Square inches
Marine,Claude Monet,paintings,oil,2,18th century,2328.74,Square inches
Aldo Luongo Untitled Painting of Boy and Girl,Aldo Luongo,paintings,oil,2,20th century,2160.0,Square inches
Trap Boat,Charles Anton Kaeselau,paintings,watercolor,1,20th century,314.438,Square inches
Lifting Fog,Anna Hill,paintings,oil,2,Other,1728.0,Square inches
Citigo Style Shell Gorget,"Native American artifact, Mississippian culture",other-collectibles,,0,Other,38.484,Square inches
Spirita,Frederick Hart,sculpture,,0,20th century,15.0,Inches
Limodorum Tankerwillae/Limodore de Tankerwill,Pierre-Joseph Redoute,paintings,watercolor,2,Other,256.5,Square inches
Hardin County - Scioto River,Max Moran,paintings,oil,2,19th century,936.0,Square inches
Alaskan Seascape,Sydney Laurence,paintings,oil,2,Other,338.0,Square inches
Enamel Napkin Rings,Russia,jewelry,other,1,Other,,
Russian Gravy Boat,Russia,other,other,1,Other,50.0,Square inches
Navaho Child's Blanket,Navaho,textiles,other,1,18th century,1581.0,Square inches
Ostrich Egg Beakers,Leipzig,other-arts-and-antiques,other,1,17th century,20.866,Inches
Red Poppies,Papken Kolozian,paintings,oil,2,19th century,896.0,Square inches
Landscape With Trees,Hanson Puthuff,paintings,oil,2,20th century,600.0,Square inches
U.S.S. Cruiser Los Angeles,Arthur Beaumont,paintings,oil,2,20th century,2500.0,Square inches
I Go A-Fishing,William Cowper Prime,books,paper,1,19th century,8.268,Inches
Pre-Colombian Tumaco Sculpture in Clay,,sculpture,,0,Other,,
Vineyard Haven Harbor #2,Max Moran,paintings,oil,2,19th century,1280.0,Square inches
"Native American Bowl, Polychrome with Keyhole Designs",Native American,bowl,ceramic,1,13th century,134.696,Cubic inches
Unnamed David Teniers oil painting of 17th century indoor scene,David Teniers,paintings,oil,2,17th century,432.0,Square inches
"Untitled Abstract, Red, Green, Yellow (Turner)",Raymond Turner,paintings,silk,2,20th century,2520.0,Square inches
Kleines Quadrat,Wassily Kandinsky,paintings,watercolor,2,20th century,239.875,Square inches
Tepees,John Denver,paintings,other,1,Other,,
Children at Directed and Undirected Play,Herman Zimmerman,paintings,oil,1,20th century,,
Cain,Raul Anguiano,print,lithograph,1,Other,385.312,Square inches
Woman at the Well,Susan Kliewer,sculpture,bronze,1,Other,,
I Fly with the Eagle,Don Dufva,sculpture,bronze,1,Other,204.75,Square inches
"Tree Frog Pin, Sapphire and Diamond",Zadora Limited,jewelry,gold,4,20th century,,
Caddy Shovel,Russian,other-arts-and-antiques,silver,4,19th century,6.75,Square inches
More news from Virginia: a further account of Bacon's rebellion reproduced in facsimile with an introduction by Thomas Perkins Abernethy,,books,paper,1,20th century,,
Dacian Parade Shield Boss,Dacian,other-assorted,other,1,Other,226.98,Square inches
Lips,Emerson Woelffer,print,lithograph,1,20th century,660.0,Square inches
Marie and Julian Martinez ceramic pot,Marie and Julian Martinez,ornamental-ceramic-wares,ceramic,1,Other,47.438,Square inches
Portrait of a German Soldier,Joseph Einsle,paintings,,0,19th century,144.0,Square inches
St. James the Greater,Pacino da Bonaguida,paintings,oil,2,13th century,852.559,Square inches
"3rd U.S. Cavalry, 1846",,other,paper,1,Other,,
Human Face Pendant,Akan,jewelry,gold,1,Other,13.882,Square inches
Faberge Pill Box Engraved with Scroll,Faberge; Henrik Immanuel Wigstrom,other-arts-and-antiques,gold,4,Other,0.785,Cubic inches
"Ellis Island National Monument, Main building, New York/New Jersey",,other-arts-and-antiques,paper,1,20th century,531.496,Square inches
Easter Lily Window,Louis Comfort Tiffany,other,glass,1,19th century,952.5,Square inches
Venice - et cum spiritu tuo,Claire Khalil,paintings,oil,3,20th century,8453.0,Square inches
Scorpio (Zodiac),Erte,print,serigraph,1,Other,,
Son's Portrait (1988),Otari Shiuk; Russia,paintings,oil,2,20th century,1008.0,Square inches
Cattle in Barn,Edward Charles Volkert,paintings,oil,2,Other,80.0,Square inches
"Two treatises of government: in the former, the false principles and foundation of Sir Robert Filmer, and his followers, are detected and everthrown",John Locke,books,paper,1,17th century,,
Chinese Lady,Chinese,paintings,watercolor,1,19th century,48.0,Square inches
Red Clay Animal Figurine,,sculpture,clay,1,Other,132.661,Cubic inches
Visions in Bronze: Rigoletto,Erte,sculpture,bronze,1,Other,19.5,Inches
"Untitled Abstract, Yellow and White on Blue (Turner)",Raymond Turner,paintings,silk,2,20th century,2520.0,Square inches
Violet Sunset,Michael Scolaro,paintings,oil,2,20th century,154.0,Square inches
Crown of Thorns (Corona de espinas del Senor del Mayo),,jewelry,silver,1,Other,187.402,Square inches
Sporting Dogs,Robert Cleminson,paintings,oil,2,18th century,2000.0,Square inches
Untitled Vargas Lithograph (Nude with Fur Coat),Alberto Vargas,print,paper,1,Other,800.0,Square inches
Lunch Counter,Efram Wolff,print,other,1,20th century,196.0,Square inches
"German Porcelain Doll, 1 of 2 twins",Germany,dolls-and-figurines,other,2,Other,25.0,Inches
Girl with Lilies,Edna Hibel,print,lithograph,1,20th century,,
Amish Stone Road with Buggy,Max Moran,paintings,oil,2,19th century,320.0,Square inches
Navajo Spring,Susan Kliewer,sculpture,bronze,1,Other,,
Rosa Canina Burboniana,Pierre Joseph Redoute,print,paper,1,18th century,730.315,Square inches
Garden Elements,Isamu Noguchi,sculpture,bronze,2,20th century,798688.8,Cubic inches
Threepenny Opera | On the Street,Arbit Blatas,drawing-watercolour,pen,3,20th century,1529.921,Square inches
"Red Tortoise Shell Clock, Francis Perigal",Francis Perigal,clock-timepiece,other,2,18th century,14.0,Inches
Faces in the Hood Series,Tyree Guyton,paintings,other,1,20th century,,
Welcome Doll,,dolls-and-figurines,other,1,Other,15.0,Inches
Bronze Figure Painted Green,Henry Klar; Gloria Klar,sculpture,bronze,1,20th century,18.0,Inches
California Springtime,John Bond Francisco,paintings,oil,2,Other,616.0,Square inches
Madam Courget,,dolls-and-figurines,,0,19th century,,
Mountain Girl,,paintings,oil,2,Other,720.0,Square inches
St. Francis of Assisi,Melchor Perez de Holguin,paintings,oil,2,Other,396.0,Square inches
The Primrose Hoop,William Bromley; English,paintings,oil,2,19th century,240.625,Square inches
Village en Hiver,Maurice de Vlaminck,paintings,oil,2,Other,411.25,Square inches
The Entombment,Thomas de Keiser,paintings,oil,2,17th century,660.0,Square inches
"""Cathedral"" Brest, France",Jan P. Townsley,paintings,oil,2,19th century,140.0,Square inches
"Fox Hunting Scene, 2 of 2",Crooke,paintings,oil,2,19th century,384.0,Square inches
Grand Canal and Santa Maria de la Salute,Rubens Santoro,paintings,oil,2,19th century,266.0,Square inches
Ottoman Stone Trough,Ottoman,other-arts-and-antiques,stone,1,Other,56992.126,Cubic inches
"Jade Frog Letter Opener, Agate",Zadora Limited,other-arts-and-antiques,jade,3,20th century,,
1947 Yankees World Series Ring,,jewelry,gold,1,20th century,,
Cabaret,Walter Kuhn,paintings,oil,2,20th century,117.0,Square inches
Jeunes Filles au Piano,Paul Renoir,print,other,1,Other,541.328,Square inches
Pipe Tomahawk,Hudson's Bay Company,other-arts-and-antiques,metal,2,19th century,252.0,
Resurrection,Russia,paintings,tempera,3,18th century,180.0,Square inches
Cheval Vert,Salvador Dali,sculpture,,0,20th century,,
Tight Money USA,Tyler Ackerodi,sculpture,wood,1,20th century,5880.0,Cubic inches
Paris - Bridges on the Seine,Arbit Blatas,paintings,oil,2,20th century,2633.268,Square inches
Atlas Minor,Gerard Mercator,books,,0,17th century,,
Untitled Guyton,Tyree Guyton,paintings,wood,1,20th century,4608.0,Square inches
Bodegon I,Martinez Roig,paintings,oil,2,20th century,480.0,Square inches
The Face,Clayton S. Price,paintings,oil,2,Other,379.25,Square inches
Untitled Olivia DeBeradinis Painting of Semi-Nude Female Bust,Olivia DeBeradinis,paintings,gouache,2,20th century,80.0,Square inches
Tanty,Bernard Pothast,paintings,oil,2,18th century,360.0,Square inches
"Unknown, Joseph Raphael portrait of a woman",Joseph Raphael,paintings,oil,2,20th century,378.0,Square inches
Style #9 Aizumi,Pricilla Nampeyo,other-assorted,ceramic,1,Other,44.0,Square inches
Nude 1922 7N,Edward Weston,photograph,paper,1,Other,80.0,Square inches
Schwabenspiegel (Landrechtbuch),Schwabenspiegel,books,book,1,14th century,,
o.T.,Adolfo,paintings,oil,2,20th century,1178.75,Square inches
Aquamarine Seahorse Clock,Zadora Limited,clock-timepiece,other,5,20th century,,
The Dormition of the Virgin,Belisario Corenzio,drawing-watercolour,pen,4,Other,76.125,Square inches
Nude Female,Diane Peters,sculpture,bronze,2,19th century,7.0,Inches
Astra,Erte,sculpture,bronze,2,Other,12.0,Inches
"Frog Stickpen, Green Tourmaline, Ruby and Diamond",Zadora Limited,jewelry,gold,4,20th century,,
The Life of St. Nicholas,Russian,icon-triptych-diptych,tempera,2,15th century,4606.299,Square inches
Deux Femmes,Pablo Picasso,print,,0,20th century,287.894,Square inches
Nude Model Seated,Max Moran,paintings,oil,2,19th century,1512.0,Square inches
Abstract Painting,Donna Gans,paintings,acrylic,2,20th century,2430.0,Square inches
Dorje Palmo,Tibetan,sculpture,bronze,1,10th century,5.5,Inches
Faces in the Hood Series,Tyree Guyton,paintings,metal,3,20th century,3168.0,Square inches
Portrait of Roommate Michael,Max Moran,paintings,oil,2,19th century,320.0,Square inches
Regina Resnik,Arbit Blatas,paintings,oil,2,20th century,,
From Inside Cabinet,Stuart J. Caswell,paintings,other,1,20th century,1966.188,Square inches
Tassel Gown,Erte,print,serigraph,1,20th century,,
Untitled (Faces of God Series),Tyree Guyton,paintings,other,2,20th century,3888.0,Square inches
Prince of Cups,Salvador Dali,print,,0,Other,,
Jade Vase,Tao Kuang Dynasty,vase,jade,1,18th century,10.5,Inches
Running Cheetah,Kenneth Bunn,sculpture,bronze,1,20th century,10.0,Inches
London Boats,William Britcher,paintings,watercolor,1,Other,720.0,Square inches
Variations,Mikio Watanabe,print,other,1,20th century,,
Visions in Bronze: Love Goddess,Erte,sculpture,bronze,1,Other,19.75,Inches
"Duck Cuff Links, Red Tourmaline",Zadora Limited,jewelry,other,3,20th century,,
The Wanderer (Raymond),Walter Pach,paintings,oil,2,20th century,560.0,Square inches
Country Scenes,,textiles,,0,17th century,9322.0,Square inches
The Angel,Erte,print,serigraph,1,Other,,
Delta Yellow Soft Cylinder with Red Ochre Drawing,Dale Chihuly,sculpture,glass,1,Other,1680.0,Cubic inches
Tameie Kasen Hanging Scroll,Japan,other-arts-and-antiques,ink,2,14th century,142.38,Square inches
Yosemite Valley (California),Mary Park Seavey Benton,paintings,oil,2,19th century,2880.0,Square inches
Contessa,Erte,print,serigraph,1,20th century,,
Rain,Richard MacDonald,sculpture,bronze,1,Other,13824.0,Cubic inches
"Headless Nude, possibly Aphrodite",,sculpture,clay,1,Other,129.921,Square inches
Ladyship Stakes Platter,,other-arts-and-antiques,silver,1,Other,14.0,Inches
"Unknown (could be Red, Black, and Gray and Red Circles)","Sawada, Tetsuro",drawing-watercolour,other,1,20th century,118.75,Square inches
Bearded man doodle,Wilfredo Lam,drawing-watercolour,ink,2,Other,241.844,Square inches
Prairie Ghost,Don Dufva,sculpture,bronze,1,Other,45.5,Square inches
Homage to Lincoln,Salvador Dali,print,paper,1,20th century,432.0,Square inches
Racing Before the Storm,John Henry Rouson,paintings,oil,2,19th century,1333.0,Square inches
Pre-Columbian Tetrapod,Olmec,ornamental-ceramic-wares,stone,1,Other,144.0,Square inches
Racing Around,Joseph Vavak,paintings,oil,1,20th century,1200.0,Square inches
Indian Nativity,Jerome Tiger,paintings,oil,2,20th century,864.0,Square inches
"Mt. Williamson from Manzanar, California, 1944",Ansel Adams,photograph,,0,20th century,320.0,Square inches
The Story of Anthony and Cleopatra,,textiles,,0,16th century,12672.0,Square inches
Shield,M. L. Snowden,sculpture,bronze,3,21st century,15624.0,Cubic inches
Head of a Peasant,Adriaen van Ostade,paintings,oil,2,17th century,142.26,Square inches
UBU TELLS THE TRUTH,William Kentridge,paintings,etching,8,19th century,273.0,Square inches
Harbor with Sailboats,Henry Bros,paintings,oil,2,20th century,493.0,Square inches
Out for a Paddle,Frank Nofer,paintings,watercolor,2,20th century,140.0,Square inches
Untitled Guyton,Tyree Guyton,paintings,wood,1,20th century,1008.0,Square inches
Untitled Manierre Dawson Abstract,Manierre Dawson,paintings,oil,3,20th century,208.0,Square inches
Going to Market,Jacques Onfroy de Breville,drawing-watercolour,paper,1,Other,15.0,Square inches
Raul Anguiano Lodi Art Galleries,Raul Anguiano,print,lithograph,1,20th century,450.0,Square inches
French Mantel Clock,,clock-timepiece,bronze,1,19th century,3969.0,Cubic inches
California Morning,Alfredo Gomez,paintings,oil,2,Other,864.0,Square inches
Peach Cylinder with Indian Blanket Design,Dale Chihuly,sculpture,glass,1,Other,175.0,Cubic inches
Andy,Andy Warhol,print,silk,1,Other,,
John Brown's Wedding Portrait,Unknown,paintings,watercolor,2,19th century,3.75,Square inches
Roller Skates,Leonard Jungwirth,sculpture,wood,1,20th century,,
Historical Sketches of the Angling Literature of All Nations,Robert Blakey,books,paper,1,19th century,6.693,Inches
Purity,Jiang Tie-Feng; China,paintings,paper,1,20th century,400.0,Square inches
American Eagle,Gregory Perillo,sculpture,silver,2,Other,23.0,Inches
Pre-Colombian Vessel with Three Lizards,Pre-Columbian,other,,0,Other,,
Hotel Acatlan: First Day,David Hockney,print,,0,19th century,2109.0,Square inches
Fishing Along the Coast,W. C. Webb,paintings,oil,2,18th century,317.323,Square inches
Celia Weary,David Hockney,print,paper,1,20th century,1200.0,Square inches
"Red, White, Blue - Bridget Austin Painting",Bridgett Austin,paintings,watercolor,1,20th century,720.0,Square inches
Pauline,Edna Hibel,print,lithograph,1,20th century,,
The Light of the World,Pascal Adolphe Jean Dagnan-Bouveret,paintings,oil,2,Other,346.5,Square inches
Still Life with Peaches and Apples,Jacob van Es,paintings,oil,2,17th century,2913.98,Square inches
Replica Lunar Module of Neil Armstrong,Cartier,other,gold,1,20th century,101.25,Cubic inches
Abbey Church,M. Ellsworth,print,,0,Other,192.0,Square inches
Eine,David Hockney,print,lithograph,1,Other,1733.875,Square inches
Saint Bartholomew,Rembrandt,paintings,oil,2,17th century,634.25,Square inches
Earl Moran Painting of Nude Woman Reclining,Earl Moran,paintings,oil,2,Other,648.0,Square inches
Coin Depicting Jesus Christ,,other,,0,Other,1.636,Square inches
Sunset in the Dust,Patrick Stone,sculpture,other,1,20th century,7650.0,Cubic inches
"Japanese Inro, Landscapes",Japan,other-arts-and-antiques,other,4,18th century,32.126,Cubic inches
The Complete Prophecies of Nostradamus,Michel de Notredame,books,paper,1,20th century,8.661,Inches
Two individuals in rough clothing carrying tools or weapons,Raul Anguiano,print,lithograph,1,20th century,673.062,Square inches
Untitled Spirit,Moses Masaya,sculpture,other,1,20th century,756.0,Cubic inches
19th Century American Painting - depicts blue sky,Walter F. Lansil,paintings,oil,2,19th century,756.0,Square inches
Place de Tertre,Maurice Utrillo,print,,0,Other,288.0,Square inches
"Apex, 1988",John Okulick,paintings,other,2,20th century,18720.0,Cubic inches
The Alchemy of Books,Laurence Clark Powell,books,paper,1,20th century,,
Lobster Sculpture,Andreas von Zadora Gerlof,sculpture,other,5,Other,1350.0,Cubic inches
Lincoln in Dalivision,Salvador Dali,print,other,1,Other,660.0,Square inches
Untitled Oil on Enamel painting,,paintings,oil,2,Other,324.0,Square inches
Flared Satsuma Vase,Satsuma,vase,,0,18th century,,
Unknown Female Portrait (Italian Lady),Walter Pach,paintings,oil,2,20th century,396.0,Square inches
The Passions of the Minds in Generall,Thomas D. D. Wright,books,paper,1,17th century,118.11,Square inches
"Figure in Form of Musical Instrument #3 ""For Singing Beowulf""",John Rood,sculpture,bronze,1,20th century,5160.0,Cubic inches
Untitled Alexander Byre Oil Painting,Alexander Byre,paintings,oil,1,20th century,,
Untitled (31-A),Juarez Marialva Tito Martins Paraiso,drawing-watercolour,ink,2,19th century,1320.0,Square inches
What's for Dinner?,James Schuyler,books,paper,1,20th century,9.055,Inches
Russian Imperial Champagne Cup,Russian,other,other,3,19th century,,
La Lavense,Pierre Auguste Renoir,sculpture,bronze,1,Other,519.75,Cubic inches
"Harbor Scene, Willem van de Velde",Willem van de Velde,paintings,oil,2,17th century,,
Untitled painting by Laura Owens,Laura Owens,paintings,oil,3,21st century,364.766,Square inches
Plaza de la Raza,Raul Anguiano,other,lithograph,1,20th century,460.812,Square inches
Engagement Basket,Mary Singer,other-arts-and-antiques,ceramic,1,Other,24.75,Square inches
St. Bernard de Clairvaux,,sculpture,other,1,15th century,31.89,Inches
Bongo Player,Raul Anguiano,print,lithograph,1,20th century,852.0,Square inches
Big Bebe,,dolls-and-figurines,other,1,Other,,
Effigy/Guardian,Olmec; Colima; Mexico,sculpture,stone,1,Other,8.0,Inches
The Introduction of the Virgin to the Temple (Presentacion de la Virgen Nina al Templo),,paintings,oil,2,18th century,5685.5,Square inches
Hunting Partners,Steve Varner,sculpture,bronze,1,20th century,14.0,Inches
"Rock Crystal Pelican Sculpture, Citrine and Diamond",Zadora Limited,sculpture,,0,20th century,,
Lucy Gayheart,Willa Cather,books,paper,1,20th century,7.874,Inches
Como,Michael Scolaro,paintings,oil,2,20th century,432.0,Square inches
Jesus Christ,Chucho Reyes,paintings,gouache,2,Other,560.5,Square inches
First of State 1983 Minnesota Pheasant Habitat Stamp Print,Daniel Smith,paintings,acrylic,1,20th century,154.0,Square inches
Zuni Man,Susan Kliewer,sculpture,bronze,1,Other,,
1954 Most Valuable Player Award,,other-arts-and-antiques,silver,2,20th century,,
Buddhist Bright Green Tapestry,Asian,textiles,other,1,Other,630.0,Square inches
Virgin Mary,Unknown,paintings,oil,2,17th century,7145.669,Square inches
Springfield Trapdoor 45/70 Rifle,Springfield,other,wood,2,Other,41.0,Inches
Rue du Mont-Cenis a Montmarte,Maurice Utrillo,paintings,oil,2,19th century,,
New York Skyline,A. C. Webb,print,etching,1,20th century,74.75,Square inches
"Els Gossos, No. 72",Joan Miro,paintings,,0,20th century,1368.9,Square inches
Homegrown,Zarina,print,etching,1,20th century,520.0,Square inches
Untitled Vargas Lithograph (Pink Gown),Alberto Vargas,print,paper,1,Other,800.0,Square inches
The Orange Atelier,Marc Chagall,print,lithograph,1,Other,,
Woman in White with Flowers,Frederick Trap Friis,paintings,oil,2,Other,480.0,Square inches
Metropolis Suite - On the Avenue,Erte,print,serigraph,1,20th century,751.188,Square inches
Study for Bees,Graham Sutherland,other-arts-and-antiques,watercolor,2,20th century,36.75,Square inches
Desnudo en Circulos,Martinez Roig,paintings,oil,2,20th century,360.0,Square inches
The Many Pearls of the Dharma Garden in 120 Chapters,Unknown,books,book,1,12th century,8.937,Inches
Faces in the Hood Series,Tyree Guyton,paintings,metal,3,20th century,3600.0,Square inches
"Northfleet Chalk Pit, Kent",Richard Parkes Bonington,drawing-watercolour,watercolor,1,18th century,46.0,Square inches
"Topographia Bohemiae, Moraviae et Silesiae",Martin Zeiller,books,book,1,17th century,,
"Les Perles, Mandchoukno (The Pearls, Manchuria)",Paul Jacoulet; Japan,print,wood,1,20th century,48.0,Square inches
The Song of Hiawatha,Henry Wadsworth Longfellow,books,paper,1,19th century,7.48,Inches
The Prune People,Edward Gorey,books,paper,1,20th century,76.772,Square inches
Style #27 Aizumi,Joy Navasie (Frog Woman),other-assorted,ceramic,1,Other,110.0,Square inches
Dusk at Rocky Point,Michael Scolaro,paintings,oil,2,20th century,154.0,Square inches
Smilax china,Mang Hang Ho,paintings,watercolor,3,20th century,90.48,Square inches
Ceramic pot,Marie/Julian Martinez,other-assorted,ceramic,1,Other,15.0,Square inches
Stone Carving of Seated Eskimo with Hood,Inuit,sculpture,stone,1,Other,4.0,Inches
Fantasia,Charpentier,sculpture,bronze,1,Other,4400.0,Cubic inches
"Frog Brooch on Jade Lily Pad, Ruby and Diamond",Zadora Limited,jewelry,gold,3,20th century,,
Hinagiki,Yoshitomo Nara,other-assorted,,0,21st century,150.591,Square inches
Ballet Mistress,Michael Parkes,print,,0,20th century,497.312,Square inches
Ange Surrealiste,Salvador Dali,sculpture,bronze,1,20th century,42079.526,Cubic inches
"Letter ""L"" (Alphabet Series)",Erte,print,serigraph,1,20th century,155.0,Square inches
1962 Yankees World Series Ring,,jewelry,gold,1,20th century,,
Man and Woman (Peasant Couple),Dutch,paintings,oil,2,18th century,166.75,Square inches
Cruz de Bulto de Dos Brazos | Caravaca Cross,Mexico,sculpture,wood,2,18th century,2362.205,Square inches
"Scorpion Pin, Enamel and Diamond",Zadora Limited,other-arts-and-antiques,gold,3,20th century,,
Flowers in the Window,Ostor Glorig,paintings,oil,2,19th century,1739.0,Square inches
Man Helping Woman Off Horse,Meissen,sculpture,porcelain,1,Other,12.0,Inches
Etowah Tribe Effigy Pipe,,other-arts-and-antiques,ceramic,1,Other,9.0,Square inches
Double Crayon Drawing on Letterhead,Joan Miro,drawing-watercolour,other,3,20th century,,
Ceramic pot,Christina Naranjo and Mary Cain,other-arts-and-antiques,ceramic,1,Other,32.625,Square inches
Spiegel des Menschlichen Lebens,Zamorensis Rodericus,books,book,1,14th century,,
A Packet for Ezra Pound,William Butler Yeats,books,paper,1,20th century,8.661,Inches
Spring (bronze),Giancarlo Biagi,sculpture,bronze,1,20th century,7.75,Inches
Country Road,Lowell Davis,sculpture,bronze,1,Other,7.0,Inches
Pre-Columbian Frog Sculpture,Pre-Columbian,sculpture,jade,1,Other,,
On the Road Above Careg Cennen Castle,John Piper,paintings,watercolor,2,20th century,351.562,Square inches
Bellefield House,Louis Aston Knight,paintings,watercolor,1,Other,180.0,Square inches
Appassionata,Frederick Hart,sculpture,acrylic,1,20th century,25.0,Inches
Morro Bay,Carrol T. Starr,paintings,oil,2,20th century,192.0,Square inches
Sand Dredge,Julian E. Levi,paintings,gouache,1,20th century,520.0,Square inches
Cream and Blossom Pink Macchia with Black Lip Wraps,Dale Chihuly,sculpture,glass,1,Other,6048.0,Cubic inches
The Meeting,Dorothy Bowman,print,serigraph,1,Other,108.0,Square inches
"Walt Whitman: a selection of the manuscripts, books and association items gathered by Charles E. Feinberg",Walt Whitman,books,paper,1,20th century,9.449,Inches
Aetna Waking,Carol Summers,print,wood,1,20th century,1444.0,Square inches
May Snow,Torvald Arnst Hoyer,paintings,oil,1,20th century,952.0,Square inches
The Coz - Playboy Jazz Poll,Stan Watts,paintings,acrylic,1,20th century,320.0,Square inches
Untitled Mixed Media Painting,Ivan Vassilievich Kliun,paintings,other,1,19th century,391.0,Square inches
Cabeza En Negro,Rufino Tamayo,print,other,1,20th century,825.0,Square inches
"Frog Earrings, Sapphire and Diamond",Zadora Limited,jewelry,gold,3,20th century,,
View of Cairo,Nikolai Makovsky,paintings,oil,2,Other,513.307,Square inches
Woman Running,Rebecca Midwood,paintings,acrylic,2,20th century,1152.0,Square inches
"The Lake, The Bird and Insect",Max Ernst,paintings,oil,2,20th century,1039.5,Square inches
House on West Chop at Dusk,Max Moran,paintings,oil,2,20th century,432.0,Square inches
Reliquary Figure,Fang; Africa,sculpture,wood,1,19th century,24.0,Inches
Elaine au Repos,Jacques Faure de Thierrens,paintings,oil,2,Other,552.5,Square inches
Trace Juana,Joan Miro,print,lithograph,1,20th century,1440.0,Square inches
Expressivo,Darida,paintings,oil,2,21st century,192.0,Square inches
A Gentleman,Sarah Peale,paintings,oil,2,17th century,252.0,Square inches
Green Tree,Marc Chagall,print,lithograph,1,Other,292.5,Square inches
Meeting House,Andrew Wyeth,paintings,watercolor,2,20th century,600.0,Square inches
Guy Ignon Still Life with Newspaper and Coffee Pot,Guy Ignon,paintings,oil,2,19th century,,
Des anges | Angels,,sculpture,other,1,20th century,19.685,Inches
Renaissance Tapestry,,textiles,silk,1,19th century,10400.0,Square inches
Schooners Racing at Moonlight,Hunter Wood,paintings,oil,2,20th century,1200.0,Square inches
Untitled David Hockney Ink Drawing,David Hockney,drawing-watercolour,ink,2,20th century,96.0,Square inches
The Glimpses of the Moon,Edith Wharton,books,paper,1,20th century,7.48,Inches
November,Michael Scolaro,paintings,oil,2,20th century,320.0,Square inches
Needlework Picture,,textiles,other,1,early 17th century,,
Elements of Physiology,Anthelme Richerand,books,paper,1,19th century,,
Jennifer K. on Grey Ottoman,Max Moran,paintings,oil,2,19th century,936.0,Square inches
Mrs. Norton's Porch - West Chop #2,Max Moran,paintings,oil,2,20th century,884.0,Square inches
Islamic architectural adornments,Turkey; Islamic,other-arts-and-antiques,other,1,Other,,
Squash Blossom,Susan Kliewer,sculpture,bronze,1,Other,,
Duck Soup 3,Joyce Pensato,drawing-watercolour,other,3,21st century,831.188,Square inches
"Unfinished Desmond painting, WomanÂ in Wheat Field",Kenneth Desmond,paintings,acrylic,2,20th century,3432.0,Square inches
Untitled Calligraphy,Wang Fung; China,other-arts-and-antiques,,0,Other,,
Gemma,,dolls-and-figurines,other,3,Other,,
It Hurts Here,Alexandrov,paintings,oil,2,Other,1080.0,Square inches
Lizard Pendant,Akan,jewelry,gold,1,Other,21.87,Square inches
"Porte manteau ""Montre Molle""",Salvador Dali,sculpture,,0,20th century,,
Study of Hands 2,Jose Clemente Orozco,drawing-watercolour,ink,2,Other,343.125,Square inches
Birthing my Husband (1/4),Pat Lasch,sculpture,other,1,20th century,,
Clay Woman Standing on Square Base,,sculpture,clay,1,Other,16.866,Square inches
Leman Trade Rifle,"Henry Leman, Leman Firearms, Lancaster, PA",other,other,5,18th century,1504.0,Square inches
Tipple Dog Handled Satsuma Vases,Satsuma,vase,,0,19th century,28.0,Square inches
Franz Kline Abstract Painting,Franz Kline,paintings,other,1,20th century,264.625,Square inches
Opera Express Loving Cup,,other-arts-and-antiques,gold,1,20th century,7.0,Inches
Ruskin's Politics,Bernard Shaw,books,paper,1,20th century,7.874,Inches
Head,Alberto Giacometti,paintings,oil,2,20th century,140.551,Square inches
"Alice in Wonderland, Dali",Salvador Dali,sculpture,bronze,1,19th century,612.5,Square inches
Boy Playing the Flute,Gerard Dou,paintings,oil,2,17th century,70.701,Square inches
Saint Anthony Preaching in Rimini,Unknown,paintings,oil,2,17th century,11653.543,Square inches
Carving of African Woman made of Hippopotamus Tooth,Africa; Congo,sculpture,ivory,1,Other,8.0,Inches
Viscum spp,Mang Hang Ho,paintings,watercolor,3,20th century,101.25,Square inches
Superman,Andy Warhol,print,silk,1,20th century,1444.0,Square inches
Hodges Engraved Bottle,Caddo Nation,ornamental-ceramic-wares,ceramic,1,6th century,3.622,Inches
Barovier Cane Vase,Barovier,vase,glass,1,Other,7.0,Inches
Chariots of Apollo Study #3,Michael Kenna,photograph,,0,Other,,
Seated Nude (Aristide Maillol),Aristide Maillol,sculpture,bronze,1,20th century,7.0,Inches
Black Marks on Yellow,Emerson Woelffer,print,lithograph,1,20th century,660.0,Square inches
Glass Blowing Factory,Lewis Hine,dolls-and-figurines,other,1,Other,154.0,Square inches
Ceramic pot,Fannie Nampeyo (Polacca),other-assorted,ceramic,1,Other,58.5,Square inches
Buccellati Soup Tureen,Buccellati,bowl,silver,2,Other,,
Lady with Wheat Statue,,sculpture,stone,1,Other,11552.0,Cubic inches
"The Treasured Mirror of Painting in 5 Chapters, Supplement in 1 Chapter",Unknown,books,book,1,14th century,75.957,Square inches
Boy Holding a Frog,Edward Berge,sculpture,bronze,1,20th century,462.0,Square inches
Spanish Cafe with Clients,Arbit Blatas,paintings,oil,2,20th century,,
Pre-Columbian Ceremonial Vessel of a Chief,Unknown,other-assorted,,0,Other,,
"Starfish Earrings, Diamond Star Center",Zadora Limited,jewelry,gold,2,20th century,,
Family,Edna Hibel,print,lithograph,1,20th century,,
Winter,Giancarlo Biagi,sculpture,bronze,1,20th century,10.5,Inches
"Water, Rocks, Sun",Endre Szasz; Austria,paintings,acrylic,2,Other,371.875,Square inches
Red Peppers,Emilio Sanchez,drawing-watercolour,other,3,20th century,436.406,Square inches
Sorrow in Sunlight,Ronald Firbank,books,paper,1,20th century,7.48,Inches
Deep Melon Macchia Pair with Turquoise Lip Wraps,Dale Chihuly,sculpture,glass,1,Other,176.0,Square inches
History of the Jing Dynasty in 130 Chapters,Unknown,books,book,1,Other,105.13,Square inches
Interior of Fort Malakoff,James Robertson,photograph,other,1,Other,80.0,Square inches
Abstract Pink Onyx Sculpture on Black Marble,Henry Klar; Gloria Klar,sculpture,other,2,20th century,1152.0,Square inches
Red Clay Dog,,sculpture,clay,1,Other,1.654,Inches
Keno Trailed Bottle,Caddo Nation,ornamental-ceramic-wares,ceramic,1,6th century,4.291,Inches
Burned Black Ikebana Drawing (2),Dale Chihuly,drawing-watercolour,,0,Other,1260.0,Square inches
Ancient and Lost Rivers: Aknill,Terence La Noue,paintings,other,2,Other,,
Arizona Trails,Olaf Wieghorst,paintings,oil,2,20th century,320.0,Square inches
Saint Anthony Miracles,Unknown,paintings,oil,2,18th century,324.803,Square inches
Philad Long Rifle,H. Deringer Philad,other,other,4,19th century,77616.0,Cubic inches
Game Form,Alexander Calder,paintings,gouache,1,20th century,2624.439,Square inches
Santa Monica Canyon,Guy Morton,paintings,oil,2,20th century,2000.0,Square inches
Caduceus | Staff of Asclepius,Mary Ann Lohman,sculpture,other,1,20th century,96.0,Inches
"Four Mushrooms Sculpture, Chalcedony and Quartz",Zadora Limited,sculpture,other,2,20th century,,
Femme nue avec des pieds de biche et 2 angelots,Claude Michel Clodion,sculpture,bronze,1,Other,19.685,Inches
Bankok,Edna Hibel,print,lithograph,1,20th century,,
Beginning Motion,Werner Drewes,print,wood,1,20th century,179.188,Square inches
Georgia Pitcher with Shawl,Otari Shiuk; Russia,paintings,oil,2,20th century,1512.0,Square inches
"Abstract Sculpture, Sienna Marble",Henry Klar; Gloria Klar,sculpture,marble,1,20th century,648.0,Square inches
Untitled (Faces of God Series),Tyree Guyton,paintings,other,4,20th century,432.0,Square inches
Martens Vase with Handles,Dino Martens,vase,glass,1,Other,11.0,Inches
Paisaje con Barcos de Velas y Casa Derruida,Lucas,paintings,oil,2,Other,,
"Gertrude Vanderbilt Whitney Murals, Panel 3-B",Maxfield Parrish,paintings,oil,2,19th century,4791.5,Square inches
Cosmographia,Claudius Ptolemaeus,books,,0,15th century,,
The Window,Phillip Ratner,paintings,oil,2,20th century,411.25,Square inches
Timberline Bull and Lil' Cow,Don Dufva,sculpture,bronze,1,Other,120.75,Square inches
Treasures of the Night: the collected poems of Jean Genet,Jean Genet,books,paper,1,Other,9.449,Inches
Portrait of a Man Wearing a Straw Hat,Locca,paintings,oil,2,Other,367.5,Square inches
Campbell's Soup I (Onion),Andy Warhol,print,silk,1,20th century,767.625,Square inches
"Bull Cuff Links, Citrine and Diamond",Zadora Limited,jewelry,citrine,3,20th century,,
Intricately carved ivory teapot and cover,Chinese,ornamental-ceramic-wares,ivory,1,Other,,
Composition,Joseph F. Brivio,paintings,oil,2,20th century,309.094,Square inches
Crucifijo Taino (Taino Crucifix),Augusto Marin,sculpture,bronze,1,20th century,923.79,Cubic inches
"Parrot Brooch, Tourmaline, Citrine and Diamond",Zadora Limited,jewelry,other,4,20th century,,
Aida,Edna Hibel,print,lithograph,1,20th century,,
Mexican Buffalo Hunter,Charles M. Russell,drawing-watercolour,,0,Other,90.0,Square inches
Cross,Spanish Colonial,other-arts-and-antiques,metal,1,Other,,
Pre-Colombian Costa Rico Ceramic Tripod Art,Costa Rica,ornamental-ceramic-wares,ceramic,1,Other,,
Dying Glow of Departing Day,Sydney Laurence,paintings,oil,2,Other,192.0,Square inches
Abstract Black Portoro Marble Sculpture,Henry Klar; Gloria Klar,sculpture,marble,1,20th century,576.0,Square inches
Nail Fetish,Kongo; Africa,sculpture,wood,1,Other,30.0,Inches
Georgia,Michael Scolaro,paintings,oil,2,20th century,252.0,Square inches
Double Gold Leaf Frame by Temple Frame Company,"Temple Frame Company in 1815, London England - by Thomas Temple",jewelry,gold,1,20th century,6338.875,Cubic inches
La Tempesta,Jill Burkee,sculpture,bronze,1,20th century,29.0,Inches
Autumn Storm,Saika Doi; Japan,paintings,ink,2,20th century,477.0,Square inches
The Family,John Grauman,sculpture,other,1,21st century,4032.0,Square inches
Small Mother and Baby,Edna Hibel,print,lithograph,1,20th century,,
Umbrella/Parasol Handle,Michael Evlampievich Perchin,clothing-and-costume,glass,3,Other,,
Keno Trailed Bottle,Caddo Nation,ornamental-ceramic-wares,ceramic,1,6th century,4.724,Inches
Apostles Surrounding Christ,,paintings,wood,2,Other,681.5,Square inches
Rosa Gallica Versicolor,Pierre Joseph Redoute,print,paper,1,18th century,,
The Croquet Player: A Story,H. G. Wells,books,paper,1,20th century,7.874,Inches
Vaidila,Vanda Stancikaites,paintings,oil,2,20th century,2320.0,Square inches
Portrait of a Woman,Nicolas Froment,paintings,oil,2,14th century,150.0,Square inches
Kanggye in North Korea,Hiyoshi Mamoru,print,wood,1,19th century,277.875,Square inches
Vineyard Haven Harbor Winter,Max Moran,paintings,oil,2,19th century,140.0,Square inches
Cheetah,Henry Mitchel,sculpture,bronze,1,Other,432.0,Square inches
Two Whale Bone Busk Carvings,,sculpture,other,1,19th century,144.0,Square inches
The Virgen de Guadalupe con Joaquin y Santa Anna,Unknown,paintings,oil,2,18th century,14551.181,Square inches
